{
    "episode_lengths": [
        60
    ],
    "collision_rates": [
        0.016666666666666666
    ],
    "losses": [
        0.0
    ],
    "safety_values": [
        0.5378637204567591
    ],
    "best_safety_value": 0.5378637204567591
}