{
    "episode_lengths": [
        763,
        87
    ],
    "collision_rates": [
        0.001310615989515072,
        0.002352941176470588
    ],
    "losses": [
        6.957535844590479e-05,
        0.004120030290522109
    ],
    "safety_values": [
        0.5117954238370392,
        0.5163115639796202
    ],
    "best_safety_value": 0.5163115639796202
}