{
    "episode_lengths": [
        4
    ],
    "collision_rates": [
        0.25
    ],
    "losses": [
        0.0
    ],
    "safety_values": [
        0.4925978183746338
    ],
    "best_safety_value": 0.4925978183746338
}